{
  "N": 64,
  "L": 6.283185307179586,
  "seed": 42,
  "k_clusters": 12,
  "volume_cutoffs": [
    0.001,
    0.002,
    0.005,
    0.01,
    0.02
  ],
  "timestamp": "2025-12-10T17:20:20.744143Z",
  "KE_mean": 7.850621594356046e-06,
  "N_eff_default": 12,
  "N_eff_vs_cut": {
    "0.001": 12,
    "0.002": 12,
    "0.005": 12,
    "0.01": 12,
    "0.02": 11
  },
  "top5_volumes_pct": [
    14.870452880859375,
    13.235855102539062,
    11.758041381835938,
    11.63787841796875,
    11.507415771484375
  ]
}